"Date ","series ","OPEN ","HIGH ","LOW ","PREV. CLOSE ","ltp ","close ","vwap ","52W H ","52W L ","VOLUME ","VALUE ","No of trades "
"23-Mar-2023","EQ","104.40","105.50","104.35","104.80","105.00","104.90","105.06","1,386.70","95.00",20913844,"2,197,143,347.90",114789
"22-Mar-2023","EQ","104.75","105.95","104.40","104.75","104.95","104.80","105.21","1,386.70","95.00",25891259,"2,724,080,059.55",105023
"21-Mar-2023","EQ","105.10","105.40","104.30","104.50","104.80","104.75","104.71","1,386.70","95.00",26434897,"2,768,091,153.40",142994
"20-Mar-2023","EQ","106.10","106.45","103.85","107.00","104.50","104.50","104.71","1,386.70","95.00",41569640,"4,352,603,949.85",182679
"17-Mar-2023","EQ","106.45","107.35","105.00","105.05","107.15","107.00","106.25","1,386.70","95.00",48962238,"5,202,472,538.40",165069
"16-Mar-2023","EQ","107.25","107.25","103.70","108.65","105.30","105.05","104.83","1,386.70","95.00",81088340,"8,500,165,789.10",276188
"15-Mar-2023","EQ","107.50","109.15","107.40","106.40","108.70","108.65","108.53","1,386.70","95.00",38930902,"4,225,315,557.85",150243
"14-Mar-2023","EQ","107.00","108.55","106.20","106.80","106.55","106.40","107.38","1,386.70","95.00",48584984,"5,217,199,866.90",166949
"13-Mar-2023","EQ","108.25","109.00","106.35","108.10","107.15","106.80","107.66","1,386.70","95.00",34552596,"3,720,063,116.85",143686
"10-Mar-2023","EQ","107.00","108.35","106.60","108.20","108.15","108.10","107.74","1,386.70","95.00",47699832,"5,138,944,228.45",154176
"09-Mar-2023","EQ","107.85","108.95","107.50","106.50","108.20","108.20","108.41","1,386.70","95.00",51967449,"5,633,985,537.85",199963
"08-Mar-2023","EQ","105.30","106.90","104.00","105.65","106.40","106.50","106.10","1,386.70","95.00",43939583,"4,661,890,631.85",176234
"06-Mar-2023","EQ","107.50","107.60","105.00","107.00","105.85","105.65","106.04","1,386.70","95.00",106868143,"11,331,946,650.00",235575
"03-Mar-2023","EQ","106.00","107.45","105.00","104.65","107.45","107.00","105.92","1,386.70","95.00",117175295,"12,410,956,853.75",212882
"02-Mar-2023","EQ","106.05","106.90","104.35","105.50","104.85","104.65","105.14","1,386.70","95.00",55276248,"5,811,826,485.25",200155
"01-Mar-2023","EQ","104.70","107.10","104.50","103.95","105.70","105.50","105.57","1,386.70","95.00",76175319,"8,041,859,455.85",212265
"28-Feb-2023","EQ","106.85","107.05","103.55","106.10","104.10","103.95","104.68","1,386.70","95.00",76540448,"8,012,243,048.10",273452
"27-Feb-2023","EQ","109.80","110.05","105.15","109.75","106.50","106.10","106.67","1,386.70","95.00",56217189,"5,996,571,618.55",276383
"24-Feb-2023","EQ","112.50","112.90","109.55","112.05","109.85","109.75","110.47","1,386.70","95.00",34326940,"3,792,036,662.95",154954
"23-Feb-2023","EQ","111.55","113.65","111.35","111.15","112.20","112.05","112.32","1,386.70","95.00",30845778,"3,464,472,213.65",153482
"22-Feb-2023","EQ","113.25","113.70","110.65","113.15","111.15","111.15","111.85","1,386.70","95.00",24391211,"2,728,186,737.25",128818
"21-Feb-2023","EQ","112.90","114.20","112.75","112.35","113.45","113.15","113.56","1,386.70","95.00",29830864,"3,387,474,094.25",149603
"20-Feb-2023","EQ","112.30","112.70","111.05","112.25","112.55","112.35","112.16","1,386.70","95.00",19896764,"2,231,699,003.55",105686
"17-Feb-2023","EQ","111.55","113.10","111.30","112.00","112.10","112.25","112.56","1,386.70","95.00",34107244,"3,839,275,198.65",150582
"16-Feb-2023","EQ","111.00","112.20","110.65","110.30","112.00","112.00","111.38","1,386.70","95.00",30956191,"3,447,951,206.65",133246
"15-Feb-2023","EQ","109.00","110.60","108.80","109.25","110.35","110.30","109.82","1,386.70","95.00",35544190,"3,903,313,900.75",150839
"14-Feb-2023","EQ","109.55","109.90","108.25","108.75","109.30","109.25","109.07","1,386.70","95.00",31163587,"3,399,153,115.15",147750
"13-Feb-2023","EQ","108.80","110.60","108.40","108.80","109.15","108.75","109.23","1,386.70","95.00",56186469,"6,136,999,513.30",213478
"10-Feb-2023","EQ","111.00","111.25","108.30","111.25","108.75","108.80","109.08","1,386.70","95.00",60810058,"6,633,301,056.70",270870
"09-Feb-2023","EQ","112.15","112.95","109.95","111.45","111.35","111.25","111.11","1,386.70","95.00",64710455,"7,190,126,333.05",195025
"08-Feb-2023","EQ","111.45","112.75","110.10","111.45","111.60","111.45","111.47","1,386.70","95.00",66523699,"7,415,660,810.80",246258
"07-Feb-2023","EQ","112.60","115.35","110.55","117.45","111.20","111.45","112.53","1,386.70","95.00",110953246,"12,485,538,285.30",427378
"06-Feb-2023","EQ","120.00","120.00","117.00","120.35","117.20","117.45","117.84","1,386.70","95.00",49546361,"5,838,695,548.50",209239
"03-Feb-2023","EQ","120.05","121.00","117.20","119.95","120.00","120.35","119.18","1,386.70","95.00",46977350,"5,598,705,778.30",180644
"02-Feb-2023","EQ","121.95","122.50","118.40","122.05","120.00","119.95","119.70","1,386.70","95.00",38768010,"4,640,608,722.05",156869
"01-Feb-2023","EQ","120.10","124.15","119.30","119.70","122.05","122.05","122.17","1,386.70","95.00",72919626,"8,908,255,658.10",218692
"31-Jan-2023","EQ","118.75","120.45","117.75","118.75","119.60","119.70","119.48","1,386.70","95.00",43986769,"5,255,511,455.05",165252
"30-Jan-2023","EQ","120.45","121.10","116.90","120.65","118.65","118.75","118.48","1,386.70","95.00",46551837,"5,515,300,590.95",197879
"27-Jan-2023","EQ","121.90","123.25","119.10","121.00","120.65","120.65","121.04","1,386.70","95.00",58771746,"7,113,714,095.55",193540
"25-Jan-2023","EQ","120.35","122.25","120.10","120.40","121.00","121.00","120.91","1,386.70","95.00",46522102,"5,624,860,373.10",152844
"24-Jan-2023","EQ","122.50","122.55","120.10","122.00","120.40","120.40","121.01","1,386.70","95.00",27707765,"3,353,043,685.55",137675
"23-Jan-2023","EQ","123.40","123.85","121.50","122.95","121.80","122.00","122.60","1,386.70","95.00",28601260,"3,506,407,861.10",133056
"20-Jan-2023","EQ","123.40","124.20","122.00","123.55","122.90","122.95","123.27","1,386.70","95.00",37784498,"4,657,678,101.50",160324
"19-Jan-2023","EQ","121.80","124.30","121.15","122.45","123.50","123.55","123.39","1,386.70","95.00",53564076,"6,609,306,267.85",238773
"18-Jan-2023","EQ","120.00","123.00","120.00","119.35","122.20","122.45","122.08","1,386.70","95.00",64749065,"7,904,467,813.20",236724
"17-Jan-2023","EQ","119.75","119.90","118.00","119.95","119.30","119.35","119.00","1,386.70","95.00",27880531,"3,317,731,473.65",117336
"16-Jan-2023","EQ","121.45","121.45","118.80","120.45","119.65","119.95","119.80","1,386.70","95.00",44362359,"5,314,417,958.05",178138
"13-Jan-2023","EQ","118.55","121.60","118.15","118.10","120.35","120.45","120.31","1,386.70","95.00",68884010,"8,287,320,121.45",242859
"12-Jan-2023","EQ","118.95","119.25","117.60","118.85","117.90","118.10","118.16","1,386.70","95.00",33740024,"3,986,728,182.75",127108
"11-Jan-2023","EQ","119.45","120.35","118.00","118.85","118.60","118.85","119.04","1,386.70","95.00",49321252,"5,871,210,496.25",182298
"10-Jan-2023","EQ","117.65","119.75","117.55","117.55","118.70","118.85","118.63","1,386.70","95.00",56750710,"6,732,375,346.95",206267
"09-Jan-2023","EQ","116.90","118.10","116.55","115.65","117.60","117.55","117.54","1,386.70","95.00",37763131,"4,438,628,753.10",184045
"06-Jan-2023","EQ","117.00","117.85","115.25","116.55","115.60","115.65","116.57","1,386.70","95.00",58551863,"6,825,354,273.05",187180
"05-Jan-2023","EQ","116.50","117.00","114.50","115.75","116.80","116.55","115.74","1,386.70","95.00",58806907,"6,806,057,647.80",238074
"04-Jan-2023","EQ","118.75","119.05","115.35","118.45","115.45","115.75","116.56","1,386.70","95.00",55634568,"6,484,836,352.55",219447
"03-Jan-2023","EQ","119.80","120.50","117.75","119.25","118.50","118.45","119.04","1,386.70","95.00",74419090,"8,859,042,586.45",279140
"02-Jan-2023","EQ","114.40","119.70","113.75","112.65","119.10","119.25","117.82","1,386.70","95.00",143444095,"16,899,938,209.60",481935
"30-Dec-2022","EQ","112.90","114.75","112.10","111.75","112.85","112.65","113.48","1,386.70","95.00",56048485,"6,360,199,033.40",209598
"29-Dec-2022","EQ","109.00","112.00","108.85","110.00","111.65","111.75","110.83","1,386.70","95.00",51751642,"5,735,642,386.10",171506
"28-Dec-2022","EQ","111.05","112.30","109.70","111.15","110.20","110.00","110.95","1,386.70","95.00",50660601,"5,620,984,092.10",186350
"27-Dec-2022","EQ","106.65","111.55","105.85","105.00","111.30","111.15","109.38","1,386.70","95.00",76033410,"8,316,497,757.00",241759
"26-Dec-2022","EQ","102.80","105.55","101.65","102.25","104.95","105.00","104.39","1,386.70","95.00",33995681,"3,548,856,093.40",160626
"23-Dec-2022","EQ","106.00","106.75","101.95","107.65","102.25","102.25","103.97","1,386.70","95.00",46756489,"4,861,179,723.65",247994
"22-Dec-2022","EQ","110.00","110.60","106.35","109.40","107.25","107.65","107.78","1,386.70","95.00",39639329,"4,272,289,160.15",156763
"21-Dec-2022","EQ","111.80","112.00","108.70","110.95","109.60","109.40","110.33","1,386.70","95.00",32303565,"3,564,029,185.20",123288
"20-Dec-2022","EQ","111.15","111.50","109.00","111.80","111.00","110.95","110.28","1,386.70","95.00",34836506,"3,841,678,276.75",124555
"19-Dec-2022","EQ","111.05","112.10","110.80","111.05","111.70","111.80","111.48","1,386.70","95.00",17297590,"1,928,331,474.40",110179
"16-Dec-2022","EQ","110.35","112.10","109.45","110.95","110.80","111.05","110.78","1,386.70","95.00",34736665,"3,848,127,933.45",121660
"15-Dec-2022","EQ","112.65","113.45","110.70","113.05","110.90","110.95","111.72","1,386.70","95.00",34361613,"3,838,903,320.85",179928
"14-Dec-2022","EQ","111.60","113.20","111.10","111.20","113.05","113.05","112.43","1,386.70","95.00",38606984,"4,340,715,290.60",250142
"13-Dec-2022","EQ","112.55","112.85","110.80","111.70","111.25","111.20","111.47","1,386.70","95.00",32264080,"3,596,515,740.25",111948
"12-Dec-2022","EQ","110.20","112.10","108.70","110.45","111.95","111.70","110.86","1,386.70","95.00",37082389,"4,110,851,619.65",134511
"09-Dec-2022","EQ","112.80","113.75","109.70","111.85","110.40","110.45","111.58","1,386.70","95.00",35665257,"3,979,539,564.25",150422
"08-Dec-2022","EQ","111.75","113.00","110.80","111.20","112.00","111.85","111.73","1,386.70","95.00",32416724,"3,621,976,760.80",138285
"07-Dec-2022","EQ","113.40","113.50","110.85","112.95","111.20","111.20","111.93","1,386.70","95.00",39494279,"4,420,597,087.65",152182
"06-Dec-2022","EQ","115.35","115.35","112.25","115.85","112.95","112.95","113.31","1,386.70","95.00",50581245,"5,731,246,025.85",204447
"05-Dec-2022","EQ","113.30","116.10","112.65","112.00","115.45","115.85","114.79","1,386.70","95.00",96441799,"11,070,587,626.60",319132
"02-Dec-2022","EQ","110.80","112.50","110.15","110.75","111.85","112.00","111.54","1,386.70","95.00",70541914,"7,868,561,475.35",227806
"01-Dec-2022","EQ","108.70","111.30","108.00","107.65","110.55","110.75","109.75","1,386.70","95.00",91702642,"10,064,703,817.75",283438
"30-Nov-2022","EQ","106.10","107.95","105.90","106.10","107.55","107.65","107.35","1,386.70","95.00",61142050,"6,563,796,708.15",135519
"29-Nov-2022","EQ","105.00","107.65","104.95","104.90","106.05","106.10","106.54","1,386.70","95.00",40661568,"4,332,103,822.55",126137
"28-Nov-2022","EQ","106.00","106.40","104.50","106.20","104.90","104.90","105.01","1,386.70","95.00",33516118,"3,519,507,321.20",131701
"25-Nov-2022","EQ","105.60","106.50","105.10","105.50","106.40","106.20","105.96","1,386.70","95.00",27361785,"2,899,278,217.30",108745
"24-Nov-2022","EQ","105.85","105.95","104.60","105.45","105.45","105.50","105.32","1,386.70","95.00",23737867,"2,500,041,736.80",126322
"23-Nov-2022","EQ","105.70","106.00","104.95","105.20","105.40","105.45","105.46","1,386.70","95.00",22809651,"2,405,544,449.55",115335
"22-Nov-2022","EQ","104.40","105.40","103.55","104.25","105.35","105.20","104.47","1,386.70","95.00",27846186,"2,909,218,047.90",104893
"21-Nov-2022","EQ","107.70","107.70","103.85","105.50","104.10","104.25","105.39","1,386.70","95.00",58404309,"6,155,232,063.40",174056
"18-Nov-2022","EQ","105.85","106.30","104.70","105.85","105.60","105.50","105.44","1,386.70","95.00",28992538,"3,057,045,391.40",104183
"17-Nov-2022","EQ","105.90","106.80","104.50","106.55","105.85","105.85","105.44","1,386.70","95.00",32894825,"3,468,387,429.40",142955
"16-Nov-2022","EQ","108.45","108.80","105.20","108.55","106.40","106.55","106.96","1,386.70","95.00",40404167,"4,321,518,992.70",159611
"15-Nov-2022","EQ","109.00","109.35","107.20","108.70","108.50","108.55","108.04","1,386.70","95.00",35007427,"3,782,360,832.20",123984
"14-Nov-2022","EQ","108.50","110.00","108.25","107.55","108.70","108.70","109.11","1,386.70","95.00",55474425,"6,052,718,955.60",201128
"11-Nov-2022","EQ","106.25","108.20","106.25","104.70","107.60","107.55","107.45","1,386.70","95.00",77933417,"8,374,174,601.75",216946
"10-Nov-2022","EQ","105.20","106.00","104.45","106.10","104.85","104.70","105.18","1,386.70","95.00",27864285,"2,930,887,692.25",97383
"09-Nov-2022","EQ","107.25","107.55","105.55","106.70","105.90","106.10","106.32","1,386.70","95.00",38295904,"4,071,757,227.05",166229
"07-Nov-2022","EQ","105.90","107.45","104.60","104.75","106.65","106.70","106.48","1,386.70","95.00",74426059,"7,925,231,204.70",267008
"04-Nov-2022","EQ","102.50","105.00","102.20","102.00","104.85","104.75","103.70","1,386.70","95.00",70299020,"7,289,721,600.05",206087
"03-Nov-2022","EQ","100.75","102.45","100.00","101.25","101.95","102.00","101.64","1,386.70","95.00",39110676,"3,975,105,986.05",116765
"02-Nov-2022","EQ","101.00","103.00","100.80","101.20","101.15","101.25","101.83","1,386.70","95.00",42336049,"4,310,879,559.90",148289
"01-Nov-2022","EQ","98.55","101.45","98.55","101.55","101.20","101.20","100.26","1,386.70","95.00",69031178,"6,920,926,318.50",211594
"31-Oct-2022","EQ","101.90","102.15","100.30","101.60","101.10","101.55","101.24","1,386.70","95.00",38715841,"3,919,494,016.60",145456
"28-Oct-2022","EQ","104.10","104.60","100.80","104.20","101.65","101.60","101.92","1,386.70","95.00",51006232,"5,198,345,634.55",162471
"27-Oct-2022","EQ","102.25","104.65","102.05","101.20","104.20","104.20","103.87","1,386.70","95.00",74349009,"7,722,338,849.35",225376
"25-Oct-2022","EQ","101.15","102.50","100.70","101.20","101.10","101.20","101.49","1,386.70","95.00",37163180,"3,771,578,858.15",129443
"24-Oct-2022","EQ","102.00","102.10","101.00","100.20","101.20","101.20","101.31","1,386.70","95.00",7480281,"757,857,437.65",110758
"21-Oct-2022","EQ","100.85","101.45","99.35","100.90","100.20","100.20","100.26","1,426.55","95.00",30973997,"3,105,517,885.00",102319
"20-Oct-2022","EQ","99.50","101.20","98.80","100.05","101.10","100.90","100.04","1,426.55","95.00",38091315,"3,810,489,028.10",153737
"19-Oct-2022","EQ","100.60","101.25","99.70","100.65","100.05","100.05","100.50","1,426.55","95.00",38764542,"3,895,723,116.05",140168
"18-Oct-2022","EQ","100.30","101.00","99.80","99.55","100.70","100.65","100.53","1,426.55","95.00",30722156,"3,088,365,889.65",105023
"17-Oct-2022","EQ","99.75","100.40","98.10","100.10","99.70","99.55","99.46","1,426.55","95.00",37568783,"3,736,649,675.55",149473
"14-Oct-2022","EQ","101.85","102.80","99.90","100.10","100.20","100.10","101.24","1,426.55","95.00",32456805,"3,285,919,912.45",133251
"13-Oct-2022","EQ","101.10","101.80","98.80","100.55","100.20","100.10","100.03","1,426.55","95.00",34668093,"3,467,784,413.05",153438
"12-Oct-2022","EQ","100.35","101.20","99.00","100.35","100.65","100.55","100.23","1,426.55","95.00",41357469,"4,145,079,977.55",169332
"11-Oct-2022","EQ","103.55","103.65","99.80","103.20","100.00","100.35","101.55","1,426.55","95.00",41083734,"4,171,955,283.90",171088
"10-Oct-2022","EQ","102.00","103.50","101.15","103.30","103.15","103.20","102.44","1,426.55","95.00",36641275,"3,753,418,355.60",153885
"07-Oct-2022","EQ","103.30","103.50","101.90","103.55","103.20","103.30","102.58","1,426.55","95.00",36080875,"3,701,016,169.55",153167
"06-Oct-2022","EQ","102.00","103.80","101.75","101.15","103.35","103.55","103.14","1,426.55","95.00",48169310,"4,968,384,709.85",203945
"04-Oct-2022","EQ","100.30","101.50","100.00","98.35","101.40","101.15","100.80","1,426.55","95.00",40186702,"4,050,787,705.90",199183
"03-Oct-2022","EQ","99.60","99.65","98.00","99.30","98.30","98.35","98.53","1,426.55","95.00",37282313,"3,673,372,459.55",180577
"30-Sep-2022","EQ","96.85","100.40","95.70","96.85","99.60","99.30","98.18","1,426.55","95.00",66436616,"6,522,717,206.05",231910
"29-Sep-2022","EQ","97.00","98.25","96.40","95.20","96.95","96.85","97.21","1,426.55","95.00",60884592,"5,918,516,554.85",236749
"28-Sep-2022","EQ","96.55","97.85","95.00","97.65","95.20","95.20","96.49","1,426.55","95.00",71724106,"6,920,843,177.90",347116
"27-Sep-2022","EQ","101.35","101.35","96.50","99.85","97.95","97.65","97.97","1,426.55","96.50",104949032,"10,281,458,412.55",418818
"26-Sep-2022","EQ","104.40","104.45","98.50","104.30","99.90","99.85","100.13","1,426.55","97.15",101291962,"10,142,672,607.35",552989
"23-Sep-2022","EQ","106.20","107.90","103.75","103.60","104.40","104.30","105.16","1,426.55","97.15",109765520,"11,542,851,207.85",352158
"22-Sep-2022","EQ","104.45","105.30","103.50","104.45","103.75","103.60","104.11","1,426.55","97.15",61380323,"6,390,476,684.45",183741
"21-Sep-2022","EQ","105.80","107.20","104.30","105.80","104.45","104.45","105.64","1,426.55","97.15",46142823,"4,874,375,519.40",170849
"20-Sep-2022","EQ","104.20","106.35","104.00","103.10","106.05","105.80","105.45","1,426.55","97.15",52140254,"5,498,177,496.75",179678
"19-Sep-2022","EQ","106.20","106.20","103.00","105.70","103.20","103.10","104.19","1,426.55","97.15",51146568,"5,329,092,149.05",291377
"16-Sep-2022","EQ","106.20","107.50","105.00","107.00","105.60","105.70","105.95","1,476.00","97.15",107967267,"11,438,611,861.20",288544
"15-Sep-2022","EQ","108.65","109.00","106.50","109.15","107.10","107.00","107.47","1,476.00","97.15",62926791,"6,762,926,980.00",229883
"14-Sep-2022","EQ","106.30","110.40","105.80","107.75","108.90","109.15","108.45","1,476.00","97.15",86379872,"9,367,682,710.85",258040
"13-Sep-2022","EQ","108.00","108.70","107.55","107.75","107.85","107.75","107.97","1,476.00","97.15",44179394,"4,770,125,367.90",167267
"12-Sep-2022","EQ","106.80","107.95","106.50","105.70","107.65","107.75","107.27","1,476.00","97.15",40838533,"4,380,870,294.60",157265
"09-Sep-2022","EQ","107.00","107.35","105.50","105.85","105.85","105.70","106.31","1,476.00","97.15",63647166,"6,766,144,287.45",259668
"08-Sep-2022","EQ","108.40","108.40","105.35","107.60","105.95","105.85","106.30","1,476.00","97.15",71228405,"7,571,819,644.90",272918
"07-Sep-2022","EQ","107.55","108.90","107.10","108.60","107.60","107.60","107.71","1,476.00","97.15",43945660,"4,733,600,727.60",173170
"06-Sep-2022","EQ","107.40","108.80","106.05","106.90","108.50","108.60","107.47","1,476.00","97.15",59505849,"6,395,325,841.40",188792
"05-Sep-2022","EQ","106.05","107.30","105.80","105.50","106.80","106.90","106.80","1,476.00","97.15",40352735,"4,309,547,186.70",151617
"02-Sep-2022","EQ","107.00","107.00","105.00","106.40","105.60","105.50","105.79","1,476.00","97.15",45601352,"4,824,328,207.90",199259
"01-Sep-2022","EQ","107.00","107.75","105.90","108.30","106.60","106.40","106.64","1,476.00","97.15",52454732,"5,593,727,756.85",216010
"30-Aug-2022","EQ","106.50","108.50","106.05","104.85","108.45","108.30","107.44","1,476.00","97.15",67401780,"7,241,568,190.85",194644
"29-Aug-2022","EQ","104.05","105.65","103.25","107.35","105.05","104.85","104.73","1,476.00","97.15",59895805,"6,272,782,501.15",301406
"26-Aug-2022","EQ","107.25","109.20","107.10","106.25","107.50","107.35","108.14","1,476.00","97.15",71257092,"7,705,922,708.05",215991
"25-Aug-2022","EQ","107.05","107.90","105.75","106.55","106.50","106.25","106.98","1,476.00","97.15",42186335,"4,513,082,704.70",172570
"24-Aug-2022","EQ","107.55","108.15","105.75","107.60","106.30","106.55","106.69","1,476.00","97.15",55686404,"5,941,287,674.10",247974
"23-Aug-2022","EQ","104.20","108.25","103.50","105.05","107.90","107.60","106.67","1,476.00","97.15",70531639,"7,523,872,406.95",262215
"22-Aug-2022","EQ","109.50","109.60","104.70","110.05","105.20","105.05","106.79","1,476.00","97.15",74037526,"7,906,795,316.15",402941
"19-Aug-2022","EQ","112.55","112.90","109.55","112.55","109.75","110.05","111.08","1,534.50","97.15",57134813,"6,346,785,640.60",227022
"18-Aug-2022","EQ","112.50","113.00","111.40","112.50","112.70","112.55","112.33","1,534.50","97.15",49396425,"5,548,515,767.75",179401
"17-Aug-2022","EQ","113.50","113.50","112.25","113.00","112.40","112.50","112.85","1,534.50","97.15",54008422,"6,094,999,817.65",207669
"16-Aug-2022","EQ","113.70","113.70","111.10","112.65","113.00","113.00","112.55","1,534.50","97.15",69207437,"7,789,100,716.70",238391
"12-Aug-2022","EQ","109.35","112.90","108.80","109.10","112.80","112.65","111.88","1,534.50","97.15",95942333,"10,733,610,778.10",307921
"11-Aug-2022","EQ","110.30","110.65","108.60","109.20","109.00","109.10","109.49","1,534.50","97.15",75321498,"8,247,181,079.65",215699
"10-Aug-2022","EQ","107.90","109.90","106.50","107.20","109.20","109.20","108.23","1,534.50","97.15",73880698,"7,996,457,230.30",241058
"08-Aug-2022","EQ","107.85","108.15","106.70","107.35","107.25","107.20","107.35","1,534.50","97.15",41384943,"4,442,543,901.95",162485
"05-Aug-2022","EQ","107.65","109.25","107.10","107.70","107.30","107.35","108.04","1,534.50","97.15",54469112,"5,885,013,963.00",179580
"04-Aug-2022","EQ","107.50","109.50","106.05","107.05","107.60","107.70","107.86","1,534.50","97.15",79526154,"8,577,818,116.05",275745
"03-Aug-2022","EQ","107.00","108.45","106.00","107.00","107.10","107.05","106.93","1,534.50","97.15",61428846,"6,568,325,454.70",235976
"02-Aug-2022","EQ","108.00","108.00","105.35","108.25","106.90","107.00","106.84","1,534.50","97.15",64935371,"6,937,671,692.00",279505
"01-Aug-2022","EQ","110.50","111.45","106.15","107.60","108.25","108.25","108.42","1,534.50","97.15",125365761,"13,592,194,355.85",468883
"29-Jul-2022","EQ","103.00","109.30","102.15","100.35","107.80","107.60","106.71","1,534.50","97.15",166959934,"17,816,038,805.05",618198
"28-Jul-2022","EQ","98.10","102.00","97.15","959.40","100.20","100.35","99.48","1,534.50","97.15",137156107,"13,644,336,927.10",628262
"27-Jul-2022","EQ","951.00","961.55","943.60","949.50","960.40","959.40","953.43","1,534.50","827.00",5255902,"5,011,119,637.70",144783
"26-Jul-2022","EQ","972.00","976.70","946.05","960.70","947.95","949.50","959.86","1,534.50","827.00",12626469,"12,119,595,065.95",228226
"25-Jul-2022","EQ","935.00","964.85","933.60","936.05","964.70","960.70","955.02","1,534.50","827.00",9963563,"9,515,399,224.15",205117
"22-Jul-2022","EQ","942.50","944.00","932.00","934.30","935.90","936.05","938.09","1,534.50","827.00",4860894,"4,559,941,726.45",110550
"21-Jul-2022","EQ","930.00","938.85","924.50","928.45","936.00","934.30","933.79","1,534.50","827.00",5087714,"4,750,878,150.95",109848
"20-Jul-2022","EQ","935.95","938.00","925.20","919.45","926.50","928.45","931.58","1,534.50","827.00",7708865,"7,181,425,855.20",169795
"19-Jul-2022","EQ","901.00","921.90","901.00","904.30","920.00","919.45","916.94","1,534.50","827.00",8534158,"7,825,312,413.05",158735
"18-Jul-2022","EQ","897.00","908.00","892.25","883.80","904.00","904.30","900.76","1,534.50","827.00",7306081,"6,581,015,540.80",142942
"15-Jul-2022","EQ","905.00","910.30","877.50","908.00","884.05","883.80","891.31","1,534.50","827.00",8125351,"7,242,237,144.35",168508
"14-Jul-2022","EQ","910.00","911.00","895.00","904.85","908.00","908.00","903.26","1,534.50","827.00",7449858,"6,729,154,713.35",126538
"13-Jul-2022","EQ","905.95","914.20","900.65","902.10","903.70","904.85","906.95","1,534.50","827.00",7013511,"6,360,873,098.65",128092
"12-Jul-2022","EQ","904.90","915.95","893.60","912.75","902.00","902.10","902.20","1,534.50","827.00",10017505,"9,037,768,425.80",179371
"11-Jul-2022","EQ","885.20","929.00","875.05","885.90","912.90","912.75","907.93","1,534.50","827.00",15019334,"13,636,472,253.10",247195
"08-Jul-2022","EQ","917.90","917.90","880.50","900.00","885.25","885.90","889.86","1,534.50","827.00",11200063,"9,966,519,524.50",192857
"07-Jul-2022","EQ","867.00","906.55","858.50","858.15","906.50","900.00","881.13","1,534.50","827.00",11100794,"9,781,286,467.00",191485
"06-Jul-2022","EQ","858.45","861.10","838.05","860.15","859.00","858.15","847.67","1,534.50","827.00",8143971,"6,903,395,020.70",180324
"05-Jul-2022","EQ","862.00","879.20","857.80","854.55","859.95","860.15","868.56","1,534.50","827.00",7905829,"6,866,701,254.25",165787
"04-Jul-2022","EQ","868.50","871.20","843.30","872.85","854.90","854.55","851.17","1,534.50","827.00",7755441,"6,601,228,052.00",178798
"01-Jul-2022","EQ","866.95","875.00","859.10","867.05","871.20","872.85","866.84","1,534.50","827.00",5476189,"4,747,001,323.25",123156
"30-Jun-2022","EQ","881.50","894.50","863.30","881.60","864.50","867.05","877.46","1,534.50","827.00",8467209,"7,429,607,359.10",211151
"29-Jun-2022","EQ","870.00","888.80","868.50","878.90","879.00","881.60","881.03","1,534.50","827.00",7231847,"6,371,473,361.50",167663
"28-Jun-2022","EQ","866.00","884.40","860.40","867.85","880.00","878.90","873.85","1,534.50","827.00",8464733,"7,396,932,361.30",169907
"27-Jun-2022","EQ","870.50","878.85","863.05","852.85","867.00","867.85","870.40","1,534.50","827.00",7281473,"6,337,792,524.00",153032
"24-Jun-2022","EQ","850.00","864.75","844.65","841.30","851.80","852.85","853.23","1,534.50","827.00",8543381,"7,289,500,677.75",180026
"23-Jun-2022","EQ","840.00","855.95","827.00","838.10","840.75","841.30","841.50","1,534.50","827.00",11151584,"9,384,044,004.30",241728
"22-Jun-2022","EQ","872.95","873.85","835.70","884.80","836.80","838.10","849.47","1,534.50","835.70",10987739,"9,333,787,063.80",282263
"21-Jun-2022","EQ","875.00","895.50","864.00","861.40","882.55","884.80","876.60","1,534.50","842.65",12452697,"10,916,019,464.45",223878
"20-Jun-2022","EQ","905.00","905.00","842.65","906.70","865.00","861.40","861.47","1,534.50","842.65",13986689,"12,049,109,008.45",296336
"17-Jun-2022","EQ","898.00","927.40","895.50","901.70","907.00","906.70","912.33","1,534.50","895.50",12129026,"11,065,731,966.85",269485
"16-Jun-2022","EQ","975.00","975.00","898.20","959.55","898.65","901.70","931.04","1,534.50","898.20",12274105,"11,427,723,603.30",337857
"15-Jun-2022","EQ","953.95","974.25","950.65","996.15","960.50","959.55","961.70","1,534.50","950.65",9244333,"8,890,289,549.60",224117
"14-Jun-2022","EQ","988.25","1,013.70","985.55","991.95","997.05","996.15","1,001.17","1,534.50","985.55",7720260,"7,729,330,686.70",173596
"13-Jun-2022","EQ","1,004.30","1,012.00","990.00","1,023.70","995.00","991.95","998.95","1,534.50","990.00",8223575,"8,214,919,302.20",264924
"10-Jun-2022","EQ","1,030.00","1,031.40","1,010.65","1,044.85","1,023.00","1,023.70","1,020.74","1,534.50","991.80",9522563,"9,720,036,515.10",235426
"09-Jun-2022","EQ","1,074.95","1,087.25","1,041.20","1,086.75","1,041.35","1,044.85","1,055.38","1,534.50","991.80",9854781,"10,400,542,210.20",247940
"08-Jun-2022","EQ","1,081.00","1,088.90","1,074.05","1,068.50","1,086.25","1,086.75","1,083.69","1,534.50","991.80",6473434,"7,015,173,441.45",183637
"07-Jun-2022","EQ","1,067.00","1,081.50","1,063.55","1,078.10","1,069.00","1,068.50","1,069.34","1,534.50","991.80",4334157,"4,634,674,457.15",89594
"06-Jun-2022","EQ","1,065.00","1,082.90","1,049.20","1,067.30","1,079.00","1,078.10","1,070.79","1,534.50","991.80",5726249,"6,131,623,842.30",157272
"03-Jun-2022","EQ","1,092.00","1,092.80","1,065.00","1,081.55","1,067.00","1,067.30","1,075.73","1,534.50","991.80",5395486,"5,804,071,537.40",134583
"02-Jun-2022","EQ","1,067.75","1,084.75","1,059.10","1,063.55","1,081.00","1,081.55","1,071.47","1,534.50","991.80",7917704,"8,483,566,200.80",176345
"01-Jun-2022","EQ","1,065.50","1,079.00","1,053.30","1,055.65","1,061.00","1,063.55","1,065.59","1,534.50","991.80",9405529,"10,022,443,775.45",196673
"31-May-2022","EQ","1,045.00","1,071.90","1,037.00","1,047.45","1,055.75","1,055.65","1,059.42","1,534.50","991.80",12124885,"12,845,390,666.15",218150
"30-May-2022","EQ","1,059.00","1,063.80","1,043.50","1,043.50","1,047.00","1,047.45","1,052.09","1,534.50","991.80",7270159,"7,648,867,514.95",174459
"27-May-2022","EQ","1,062.50","1,067.65","1,032.00","1,052.00","1,043.00","1,043.50","1,046.56","1,534.50","991.80",7477220,"7,825,323,762.20",171055
"26-May-2022","EQ","1,007.00","1,067.55","995.25","999.10","1,049.90","1,052.00","1,033.14","1,534.50","991.80",15053673,"15,552,552,283.05",307131
"25-May-2022","EQ","1,006.35","1,018.35","991.80","1,006.35","998.45","999.10","1,003.91","1,534.50","991.80",9934340,"9,973,206,376.85",259288
"24-May-2022","EQ","1,031.00","1,039.90","1,002.00","1,022.95","1,005.50","1,006.35","1,019.59","1,534.50","1,001.55",12311666,"12,552,845,856.45",334234
"23-May-2022","EQ","1,097.00","1,097.00","1,001.55","1,170.60","1,026.35","1,022.95","1,028.79","1,534.50","1,001.55",27388346,"28,176,958,026.25",679018
"20-May-2022","EQ","1,162.35","1,178.40","1,141.20","1,122.15","1,169.00","1,170.60","1,160.80","1,534.50","1,050.25",6552750,"7,606,442,066.55",151877
"19-May-2022","EQ","1,151.00","1,154.90","1,115.20","1,180.25","1,129.00","1,122.15","1,131.89","1,534.50","1,050.25",6654563,"7,532,244,311.55",203644
"18-May-2022","EQ","1,197.00","1,209.00","1,175.00","1,188.70","1,182.00","1,180.25","1,188.16","1,534.50","1,050.25",8157580,"9,692,512,041.05",181740
"17-May-2022","EQ","1,124.00","1,197.20","1,115.35","1,103.50","1,188.65","1,188.70","1,159.41","1,534.50","1,050.25",11287601,"13,086,910,016.65",266051
"16-May-2022","EQ","1,119.00","1,134.80","1,094.00","1,097.00","1,109.00","1,103.50","1,113.49","1,534.50","1,050.25",6266527,"6,977,732,748.35",166059
"13-May-2022","EQ","1,135.00","1,151.80","1,092.00","1,117.70","1,094.85","1,097.00","1,121.87","1,534.50","1,050.25",8292441,"9,303,075,384.50",216773
"12-May-2022","EQ","1,156.90","1,162.40","1,103.00","1,165.70","1,118.90","1,117.70","1,123.94","1,534.50","1,050.25",9419161,"10,586,609,044.20",258893
"11-May-2022","EQ","1,175.00","1,190.90","1,123.40","1,164.90","1,172.90","1,165.70","1,156.89","1,534.50","1,050.25",10706315,"12,386,051,281.10",243457
"10-May-2022","EQ","1,251.00","1,254.65","1,158.55","1,252.25","1,161.25","1,164.90","1,196.85","1,534.50","1,050.25",14553742,"17,418,666,398.75",344143
"09-May-2022","EQ","1,260.00","1,274.20","1,244.00","1,283.70","1,251.20","1,252.25","1,258.06","1,534.50","1,050.25",5055297,"6,359,852,196.20",137090
"06-May-2022","EQ","1,268.00","1,290.00","1,243.00","1,284.25","1,287.00","1,283.70","1,263.22","1,534.50","1,018.50",6925676,"8,748,619,578.85",187318
"05-May-2022","EQ","1,280.00","1,316.50","1,278.00","1,261.35","1,288.00","1,284.25","1,297.73","1,534.50","1,018.50",8733816,"11,334,156,938.60",210766
"04-May-2022","EQ","1,327.30","1,330.00","1,254.50","1,295.20","1,266.00","1,261.35","1,289.60","1,534.50","1,018.50",13837402,"17,844,727,443.05",357495
"02-May-2022","EQ","1,257.00","1,302.75","1,248.75","1,271.05","1,297.00","1,295.20","1,278.27","1,534.50","1,018.50",5442617,"6,957,139,104.35",119557
"29-Apr-2022","EQ","1,268.00","1,291.70","1,265.65","1,260.85","1,270.00","1,271.05","1,279.58","1,534.50","930.05",5717352,"7,315,837,150.15",129717
"28-Apr-2022","EQ","1,259.50","1,268.65","1,243.00","1,246.70","1,258.65","1,260.85","1,255.22","1,534.50","930.05",5129583,"6,438,734,682.00",130108
"27-Apr-2022","EQ","1,227.00","1,255.00","1,210.40","1,233.60","1,249.00","1,246.70","1,231.77","1,534.50","930.05",7120974,"8,771,371,654.40",175421
"26-Apr-2022","EQ","1,235.00","1,241.70","1,225.00","1,220.35","1,232.80","1,233.60","1,233.12","1,534.50","930.05",4481271,"5,525,948,859.35",128605
"25-Apr-2022","EQ","1,250.00","1,262.95","1,212.80","1,277.55","1,223.00","1,220.35","1,233.13","1,534.50","930.05",7231046,"8,916,844,390.40",230680
"22-Apr-2022","EQ","1,301.60","1,311.55","1,273.75","1,302.15","1,278.95","1,277.55","1,291.07","1,534.50","860.00",5584823,"7,210,390,040.90",159826
"21-Apr-2022","EQ","1,316.00","1,322.75","1,285.85","1,314.25","1,307.00","1,302.15","1,301.15","1,534.50","860.00",6669028,"8,677,427,230.85",168216
"20-Apr-2022","EQ","1,329.70","1,336.45","1,303.05","1,326.60","1,315.90","1,314.25","1,318.65","1,534.50","860.00",5410021,"7,133,940,458.50",131794
"19-Apr-2022","EQ","1,352.60","1,366.65","1,309.00","1,339.10","1,315.00","1,326.60","1,350.88","1,534.50","860.00",6477219,"8,749,930,979.45",154119
"18-Apr-2022","EQ","1,331.90","1,358.05","1,328.85","1,319.50","1,340.25","1,339.10","1,343.07","1,534.50","860.00",8070042,"10,838,623,713.50",233360
"13-Apr-2022","EQ","1,334.95","1,346.00","1,315.00","1,320.25","1,316.05","1,319.50","1,328.33","1,534.50","843.35",4493780,"5,969,226,933.65",104277
"12-Apr-2022","EQ","1,353.00","1,359.95","1,296.10","1,357.90","1,322.00","1,320.25","1,315.64","1,534.50","843.35",6919168,"9,103,139,739.75",166013
"11-Apr-2022","EQ","1,370.70","1,384.00","1,353.00","1,370.75","1,354.55","1,357.90","1,368.12","1,534.50","843.35",4477882,"6,126,268,528.40",112838
"08-Apr-2022","EQ","1,360.95","1,379.95","1,356.25","1,349.50","1,366.05","1,370.75","1,368.69","1,534.50","837.15",5228771,"7,156,591,391.40",106015
"07-Apr-2022","EQ","1,377.00","1,381.00","1,341.00","1,370.75","1,353.70","1,349.50","1,360.25","1,534.50","837.15",5565064,"7,569,859,990.10",131239
"06-Apr-2022","EQ","1,350.00","1,386.70","1,346.80","1,344.90","1,370.00","1,370.75","1,370.35","1,534.50","837.15",11409754,"15,635,306,605.70",231426
"05-Apr-2022","EQ","1,348.45","1,358.00","1,329.25","1,341.90","1,344.00","1,344.90","1,343.14","1,534.50","837.15",6329642,"8,501,575,038.95",139394
"04-Apr-2022","EQ","1,317.10","1,354.00","1,314.45","1,317.10","1,340.20","1,341.90","1,336.98","1,534.50","837.15",6967032,"9,314,756,763.00",140874
"01-Apr-2022","EQ","1,310.00","1,340.90","1,305.45","1,307.20","1,317.15","1,317.10","1,321.20","1,534.50","777.90",5532159,"7,309,088,664.30",122345
"31-Mar-2022","EQ","1,308.00","1,320.45","1,300.10","1,308.05","1,307.50","1,307.20","1,311.19","1,534.50","777.90",4006795,"5,253,688,052.70",95450
"30-Mar-2022","EQ","1,335.00","1,335.55","1,300.00","1,334.65","1,306.20","1,308.05","1,308.40","1,534.50","777.90",5848316,"7,651,963,500.35",170961
"29-Mar-2022","EQ","1,344.00","1,346.15","1,327.00","1,338.95","1,332.00","1,334.65","1,335.58","1,534.50","777.90",4320237,"5,770,018,655.25",94177
"28-Mar-2022","EQ","1,340.00","1,355.00","1,327.60","1,338.95","1,339.30","1,338.95","1,341.72","1,534.50","777.90",4655491,"6,246,355,569.25",139045
"25-Mar-2022","EQ","1,354.90","1,366.00","1,333.55","1,350.55","1,336.00","1,338.95","1,350.11","1,534.50","688.35",6945744,"9,377,535,055.20",153608
"24-Mar-2022","EQ","1,330.95","1,359.50","1,325.95","1,331.00","1,346.95","1,350.55","1,348.57","1,534.50","688.35",9460527,"12,758,222,562.20",208902
"23-Mar-2022","EQ","1,324.00","1,347.80","1,292.35","1,302.00","1,328.55","1,331.00","1,321.71","1,534.50","688.35",13055238,"17,255,295,796.55",259263
"22-Mar-2022","EQ","1,320.00","1,330.00","1,288.05","1,302.95","1,308.00","1,302.00","1,308.02","1,534.50","688.35",8179588,"10,699,083,341.20",179422
"21-Mar-2022","EQ","1,308.00","1,334.00","1,294.50","1,303.45","1,296.00","1,302.95","1,318.78","1,534.50","688.35",8422763,"11,107,780,248.70",183002
"17-Mar-2022","EQ","1,275.00","1,317.80","1,271.10","1,265.25","1,300.05","1,303.45","1,297.78","1,534.50","681.25",10623976,"13,787,547,257.25",211990
"16-Mar-2022","EQ","1,245.00","1,271.20","1,240.20","1,233.75","1,262.00","1,265.25","1,258.54","1,534.50","681.25",6302451,"7,931,873,085.60",162595
"15-Mar-2022","EQ","1,291.80","1,293.00","1,228.00","1,297.00","1,229.05","1,233.75","1,251.97","1,534.50","681.25",9614313,"12,036,820,173.55",289968
"14-Mar-2022","EQ","1,305.00","1,311.70","1,277.70","1,301.70","1,298.60","1,297.00","1,293.34","1,534.50","681.25",5278082,"6,826,343,839.50",155247
"11-Mar-2022","EQ","1,315.00","1,339.90","1,296.20","1,308.70","1,298.50","1,301.70","1,316.20","1,534.50","681.25",11882299,"15,639,524,482.95",283313
"10-Mar-2022","EQ","1,257.85","1,313.80","1,241.00","1,255.35","1,309.35","1,308.70","1,280.13","1,534.50","681.25",13674062,"17,504,564,980.75",288992
"09-Mar-2022","EQ","1,273.90","1,276.80","1,248.60","1,269.50","1,255.55","1,255.35","1,260.29","1,534.50","681.25",6934888,"8,739,970,128.45",180250
"08-Mar-2022","EQ","1,293.00","1,294.00","1,244.00","1,291.90","1,265.90","1,269.50","1,263.11","1,534.50","681.25",9107822,"11,504,186,252.60",248719
"07-Mar-2022","EQ","1,275.90","1,301.80","1,264.00","1,277.10","1,293.00","1,291.90","1,279.85","1,534.50","681.25",11040001,"14,129,580,242.05",289960
"04-Mar-2022","EQ","1,302.40","1,319.85","1,273.00","1,303.30","1,277.00","1,277.10","1,297.98","1,534.50","681.25",16282923,"21,134,984,241.95",498851
"03-Mar-2022","EQ","1,306.00","1,328.65","1,293.65","1,289.35","1,303.00","1,303.30","1,309.97","1,534.50","681.25",17450338,"22,859,407,692.45",528049
"02-Mar-2022","EQ","1,220.75","1,299.60","1,218.55","1,220.75","1,288.75","1,289.35","1,280.64","1,534.50","681.25",24847532,"31,820,691,227.60",612717
"28-Feb-2022","EQ","1,134.00","1,225.00","1,129.20","1,145.35","1,217.90","1,220.75","1,196.83","1,534.50","681.25",17605446,"21,070,773,518.25",408543
"25-Feb-2022","EQ","1,097.70","1,150.70","1,095.60","1,074.00","1,144.95","1,145.35","1,136.16","1,534.50","670.85",9212886,"10,467,347,648.45",226899
"24-Feb-2022","EQ","1,094.00","1,119.95","1,067.10","1,139.00","1,079.00","1,074.00","1,095.75","1,534.50","670.85",12126867,"13,288,073,810.50",324643
"23-Feb-2022","EQ","1,148.00","1,152.60","1,134.00","1,138.70","1,137.90","1,139.00","1,143.60","1,534.50","670.85",4960838,"5,673,217,190.30",129498
"22-Feb-2022","EQ","1,158.00","1,166.65","1,119.25","1,181.85","1,134.00","1,138.70","1,141.03","1,534.50","670.85",9385857,"10,709,565,886.60",222627
"21-Feb-2022","EQ","1,188.00","1,202.00","1,174.40","1,190.80","1,181.00","1,181.85","1,188.32","1,534.50","670.85",4978732,"5,916,328,122.20",117333
"18-Feb-2022","EQ","1,187.00","1,205.00","1,183.00","1,190.95","1,191.00","1,190.80","1,196.74","1,534.50","655.95",4725120,"5,654,746,883.90",119821
"17-Feb-2022","EQ","1,201.10","1,209.50","1,186.15","1,191.80","1,190.00","1,190.95","1,197.29","1,534.50","655.95",5655792,"6,771,643,720.60",117118
"16-Feb-2022","EQ","1,215.00","1,217.90","1,186.50","1,207.75","1,187.95","1,191.80","1,199.11","1,534.50","655.95",6609214,"7,925,141,990.10",171088
"15-Feb-2022","EQ","1,196.85","1,212.00","1,151.55","1,186.85","1,204.95","1,207.75","1,179.18","1,534.50","655.95",10188921,"12,014,582,504.45",238309
"14-Feb-2022","EQ","1,220.10","1,227.75","1,180.10","1,254.45","1,183.25","1,186.85","1,202.85","1,534.50","655.95",8021613,"9,648,820,655.15",211234
"11-Feb-2022","EQ","1,239.00","1,264.95","1,233.10","1,248.35","1,251.80","1,254.45","1,252.44","1,534.50","655.95",9676226,"12,118,883,254.80",211755
"10-Feb-2022","EQ","1,230.00","1,254.25","1,226.00","1,222.35","1,247.30","1,248.35","1,244.12","1,534.50","655.95",9392057,"11,684,809,977.10",222188
"09-Feb-2022","EQ","1,231.00","1,234.00","1,208.15","1,219.60","1,218.00","1,222.35","1,219.80","1,534.50","655.95",7352060,"8,968,009,893.95",167342
"08-Feb-2022","EQ","1,195.00","1,222.40","1,171.50","1,183.00","1,219.50","1,219.60","1,202.55","1,534.50","655.95",14083984,"16,936,657,066.70",316614
"07-Feb-2022","EQ","1,168.30","1,214.60","1,161.00","1,176.30","1,184.95","1,183.00","1,194.31","1,534.50","655.95",14510525,"17,330,102,163.95",321698
"04-Feb-2022","EQ","1,173.80","1,197.75","1,170.25","1,166.60","1,174.40","1,176.30","1,184.03","1,534.50","597.45",9317418,"11,032,097,305.30",212738
"03-Feb-2022","EQ","1,153.00","1,181.70","1,146.30","1,167.50","1,163.00","1,166.60","1,169.68","1,534.50","597.45",6514090,"7,619,418,043.55",151104
"02-Feb-2022","EQ","1,179.90","1,179.90","1,158.30","1,167.35","1,168.00","1,167.50","1,166.61","1,534.50","597.45",7524734,"8,778,450,173.45",178662
"01-Feb-2022","EQ","1,104.90","1,174.45","1,086.40","1,085.55","1,166.55","1,167.35","1,134.27","1,534.50","597.45",17075268,"19,367,952,076.85",364400
"31-Jan-2022","EQ","1,109.90","1,114.60","1,080.50","1,084.65","1,085.00","1,085.55","1,096.19","1,534.50","597.45",5570939,"6,106,808,797.40",172294
"28-Jan-2022","EQ","1,105.85","1,125.75","1,080.95","1,088.35","1,086.00","1,084.65","1,108.99","1,534.50","596.00",7864893,"8,722,067,779.45",192376
"27-Jan-2022","EQ","1,090.00","1,103.45","1,061.30","1,109.10","1,090.65","1,088.35","1,082.03","1,534.50","596.00",9056656,"9,799,578,271.55",271554
"25-Jan-2022","EQ","1,094.70","1,121.00","1,087.05","1,099.20","1,105.95","1,109.10","1,107.84","1,534.50","596.00",5733063,"6,351,334,528.60",206703
"24-Jan-2022","EQ","1,160.00","1,163.65","1,090.00","1,169.70","1,100.50","1,099.20","1,121.02","1,534.50","596.00",8392076,"9,407,699,634.20",279320
"21-Jan-2022","EQ","1,200.00","1,204.30","1,156.35","1,206.70","1,169.10","1,169.70","1,177.49","1,534.50","596.00",7166267,"8,438,184,184.45",170921
"20-Jan-2022","EQ","1,210.10","1,224.00","1,197.00","1,209.60","1,209.90","1,206.70","1,212.03","1,534.50","596.00",5920597,"7,175,912,863.90",159207
"19-Jan-2022","EQ","1,196.00","1,220.90","1,183.00","1,194.85","1,208.00","1,209.60","1,204.89","1,534.50","596.00",7304321,"8,800,884,092.50",186907
"18-Jan-2022","EQ","1,230.00","1,233.75","1,190.00","1,229.75","1,196.95","1,194.85","1,209.80","1,534.50","596.00",5840897,"7,066,337,357.80",150353
"17-Jan-2022","EQ","1,215.00","1,245.00","1,190.35","1,213.60","1,230.80","1,229.75","1,221.77","1,534.50","596.00",8969607,"10,958,788,425.80",202840
"14-Jan-2022","EQ","1,213.00","1,226.30","1,206.10","1,221.15","1,211.00","1,213.60","1,215.42","1,534.50","596.00",5267907,"6,402,740,872.75",162565
"13-Jan-2022","EQ","1,154.00","1,225.50","1,152.15","1,147.20","1,219.00","1,221.15","1,200.08","1,534.50","596.00",15723116,"18,868,961,106.25",350847
"12-Jan-2022","EQ","1,139.85","1,150.80","1,132.40","1,130.25","1,147.80","1,147.20","1,142.13","1,534.50","596.00",5035843,"5,751,572,117.00",139132
"11-Jan-2022","EQ","1,158.65","1,162.70","1,113.00","1,169.05","1,134.90","1,130.25","1,137.02","1,534.50","596.00",9697885,"11,026,712,678.50",245197
"10-Jan-2022","EQ","1,165.00","1,173.40","1,153.85","1,160.35","1,168.00","1,169.05","1,165.95","1,534.50","596.00",3822500,"4,456,832,468.05",124004
"07-Jan-2022","EQ","1,165.20","1,174.00","1,147.85","1,163.25","1,158.15","1,160.35","1,160.62","1,534.50","596.00",3973857,"4,612,154,157.25",87679
"06-Jan-2022","EQ","1,172.00","1,183.00","1,155.55","1,177.60","1,161.50","1,163.25","1,166.83","1,534.50","596.00",5335400,"6,225,489,082.45",133187
"05-Jan-2022","EQ","1,147.00","1,180.80","1,141.25","1,148.80","1,176.00","1,177.60","1,166.60","1,534.50","596.00",6186176,"7,216,800,113.20",134032
"04-Jan-2022","EQ","1,153.00","1,159.70","1,136.50","1,142.45","1,148.05","1,148.80","1,147.81","1,534.50","596.00",5975731,"6,859,026,649.55",125400
"03-Jan-2022","EQ","1,115.00","1,151.00","1,115.00","1,111.45","1,150.00","1,142.45","1,129.46","1,534.50","596.00",3865803,"4,366,279,501.50",87982
"31-Dec-2021","EQ","1,105.00","1,123.50","1,102.65","1,101.00","1,112.40","1,111.45","1,115.49","1,534.50","596.00",3687021,"4,112,828,901.10",94613
"30-Dec-2021","EQ","1,117.90","1,127.00","1,099.00","1,116.25","1,101.15","1,101.00","1,110.09","1,534.50","596.00",4114093,"4,567,032,963.05",102093
"29-Dec-2021","EQ","1,120.00","1,126.65","1,108.00","1,127.45","1,115.75","1,116.25","1,115.35","1,534.50","596.00",4193520,"4,677,259,768.65",145576
"28-Dec-2021","EQ","1,127.00","1,131.50","1,122.00","1,121.80","1,127.00","1,127.45","1,127.24","1,534.50","596.00",2880781,"3,247,337,620.30",108720
"27-Dec-2021","EQ","1,111.05","1,124.70","1,102.35","1,115.45","1,124.00","1,121.80","1,114.49","1,534.50","596.00",2758851,"3,074,721,063.10",74732
"24-Dec-2021","EQ","1,130.05","1,133.45","1,103.85","1,127.65","1,117.00","1,115.45","1,115.11","1,534.50","585.00",4093630,"4,564,828,879.60",96182
"23-Dec-2021","EQ","1,138.00","1,146.80","1,120.20","1,128.85","1,126.45","1,127.65","1,134.88","1,534.50","585.00",4621478,"5,244,827,387.00",114823
"22-Dec-2021","EQ","1,115.00","1,131.00","1,110.00","1,105.10","1,130.00","1,128.85","1,123.02","1,534.50","585.00",4366917,"4,904,148,511.60",114115
"21-Dec-2021","EQ","1,090.00","1,124.25","1,085.00","1,072.95","1,108.85","1,105.10","1,109.16","1,534.50","585.00",7026849,"7,793,906,415.10",171193
"20-Dec-2021","EQ","1,117.00","1,117.20","1,066.05","1,132.10","1,073.00","1,072.95","1,082.82","1,534.50","585.00",7352650,"7,961,618,862.30",236252
"17-Dec-2021","EQ","1,154.00","1,158.85","1,125.00","1,153.20","1,131.95","1,132.10","1,136.98","1,534.50","585.00",4743502,"5,393,272,365.20",136063
"16-Dec-2021","EQ","1,164.00","1,168.80","1,143.55","1,154.05","1,156.15","1,153.20","1,157.44","1,534.50","585.00",4246008,"4,914,506,125.40",115354
"15-Dec-2021","EQ","1,170.05","1,175.60","1,149.00","1,167.20","1,150.40","1,154.05","1,163.31","1,534.50","585.00",4430833,"5,154,444,408.55",136268
"14-Dec-2021","EQ","1,158.95","1,177.90","1,147.00","1,165.30","1,165.70","1,167.20","1,164.62","1,534.50","585.00",5352264,"6,233,369,922.20",145202
"13-Dec-2021","EQ","1,188.00","1,199.00","1,161.65","1,180.00","1,167.20","1,165.30","1,180.37","1,534.50","585.00",5353778,"6,319,423,485.45",142697
"10-Dec-2021","EQ","1,173.45","1,188.90","1,167.60","1,176.85","1,178.00","1,180.00","1,178.81","1,534.50","585.00",4812130,"5,672,591,862.10",135427
"09-Dec-2021","EQ","1,182.00","1,182.00","1,159.00","1,173.00","1,177.00","1,176.85","1,170.78","1,534.50","585.00",5212394,"6,102,560,472.70",122011
"08-Dec-2021","EQ","1,159.00","1,177.00","1,149.00","1,148.80","1,174.75","1,173.00","1,166.19","1,534.50","585.00",7448501,"8,686,359,029.45",170954
"07-Dec-2021","EQ","1,121.10","1,155.55","1,121.00","1,108.80","1,152.85","1,148.80","1,140.75","1,534.50","585.00",8505390,"9,702,509,838.55",204352
"06-Dec-2021","EQ","1,114.00","1,141.00","1,102.20","1,118.00","1,107.65","1,108.80","1,122.08","1,534.50","585.00",8215940,"9,218,970,570.35",202827
"03-Dec-2021","EQ","1,115.00","1,134.20","1,102.25","1,112.40","1,114.65","1,118.00","1,119.73","1,534.50","576.95",10073784,"11,279,894,784.45",215675
"02-Dec-2021","EQ","1,083.00","1,116.00","1,074.00","1,082.55","1,112.95","1,112.40","1,093.21","1,534.50","576.95",9128681,"9,979,555,833.05",229986
"01-Dec-2021","EQ","1,092.00","1,097.00","1,066.50","1,071.20","1,082.00","1,082.55","1,080.06","1,534.50","576.95",9379114,"10,129,980,506.10",277289
"30-Nov-2021","EQ","1,110.95","1,127.90","1,063.00","1,114.75","1,070.10","1,071.20","1,092.87","1,534.50","576.95",13355984,"14,596,419,159.45",290056
"29-Nov-2021","EQ","1,112.30","1,137.00","1,075.05","1,112.30","1,109.90","1,114.75","1,115.07","1,534.50","576.95",9392991,"10,473,859,931.15",238792
"26-Nov-2021","EQ","1,157.90","1,159.50","1,106.25","1,173.65","1,110.25","1,112.30","1,127.98","1,534.50","536.35",10645526,"12,007,942,478.50",283059
"25-Nov-2021","EQ","1,180.00","1,186.60","1,166.00","1,178.50","1,173.50","1,173.65","1,175.39","1,534.50","536.35",4750286,"5,583,438,162.65",124738
"24-Nov-2021","EQ","1,200.40","1,202.95","1,171.15","1,192.05","1,173.50","1,178.50","1,192.33","1,534.50","536.35",6767101,"8,068,650,466.05",155600
"23-Nov-2021","EQ","1,168.05","1,209.00","1,165.15","1,165.05","1,190.05","1,192.05","1,194.72","1,534.50","536.35",9382963,"11,210,058,495.30",215369
"22-Nov-2021","EQ","1,188.10","1,196.80","1,146.00","1,186.60","1,166.80","1,165.05","1,174.23","1,534.50","536.35",9621001,"11,297,225,184.30",221574
"18-Nov-2021","EQ","1,223.60","1,228.30","1,182.00","1,220.05","1,187.90","1,186.60","1,198.02","1,534.50","501.70",10108351,"12,110,042,265.25",265526
"17-Nov-2021","EQ","1,225.00","1,237.40","1,215.10","1,228.80","1,217.50","1,220.05","1,225.21","1,534.50","501.70",8780204,"10,757,564,425.00",227497
"16-Nov-2021","EQ","1,245.45","1,261.05","1,223.70","1,245.45","1,225.50","1,228.80","1,241.24","1,534.50","501.70",12314880,"15,285,726,669.75",305404
"15-Nov-2021","EQ","1,295.00","1,299.00","1,241.50","1,287.25","1,244.50","1,245.45","1,264.54","1,534.50","501.70",12108215,"15,311,346,641.25",361479
"12-Nov-2021","EQ","1,340.00","1,340.00","1,271.10","1,299.60","1,286.70","1,287.25","1,296.64","1,534.50","427.40",23239558,"30,133,436,224.85",493501
"11-Nov-2021","EQ","1,304.90","1,324.50","1,288.35","1,298.55","1,300.00","1,299.60","1,306.58","1,534.50","427.40",13663860,"17,852,875,262.10",290972
"10-Nov-2021","EQ","1,328.00","1,329.00","1,287.10","1,335.95","1,297.50","1,298.55","1,300.47","1,534.50","427.40",11880417,"15,450,091,711.30",295166
"09-Nov-2021","EQ","1,342.85","1,360.30","1,328.85","1,343.25","1,337.40","1,335.95","1,343.01","1,534.50","427.40",4756516,"6,388,069,232.80",110877
"08-Nov-2021","EQ","1,340.90","1,347.65","1,306.10","1,325.90","1,340.95","1,343.25","1,331.26","1,534.50","427.40",5493667,"7,313,506,276.30",129169
"04-Nov-2021","EQ","1,331.00","1,335.00","1,324.10","1,326.05","1,326.45","1,325.90","1,329.31","1,534.50","398.70",674434,"896,531,428.35",24458
"03-Nov-2021","EQ","1,324.80","1,332.00","1,312.00","1,313.65","1,326.00","1,326.05","1,322.50","1,534.50","398.70",5730244,"7,578,272,364.25",114824
"02-Nov-2021","EQ","1,370.00","1,370.00","1,310.80","1,364.90","1,318.00","1,313.65","1,336.72","1,534.50","398.70",7216137,"9,645,962,698.75",149207
"01-Nov-2021","EQ","1,340.00","1,372.90","1,330.00","1,315.95","1,362.00","1,364.90","1,357.99","1,534.50","398.70",9687533,"13,155,551,551.55",219727
"29-Oct-2021","EQ","1,290.25","1,333.70","1,290.00","1,299.60","1,317.65","1,315.95","1,318.31","1,534.50","395.20",7914760,"10,434,141,529.65",203572
"28-Oct-2021","EQ","1,314.90","1,315.95","1,291.10","1,326.15","1,299.20","1,299.60","1,300.93","1,534.50","395.20",9307682,"12,108,636,657.30",219433
"27-Oct-2021","EQ","1,346.00","1,351.70","1,321.25","1,343.65","1,325.00","1,326.15","1,340.29","1,534.50","395.20",7241804,"9,706,128,183.35",136011
"26-Oct-2021","EQ","1,303.00","1,351.00","1,301.45","1,293.30","1,347.00","1,343.65","1,327.59","1,534.50","395.20",7722875,"10,252,844,348.05",162605
"25-Oct-2021","EQ","1,302.00","1,316.00","1,267.25","1,296.25","1,290.50","1,293.30","1,295.98","1,534.50","395.20",6418501,"8,318,255,045.90",146749
"22-Oct-2021","EQ","1,320.00","1,324.65","1,271.00","1,314.70","1,295.00","1,296.25","1,295.44","1,534.50","389.60",8071289,"10,455,863,988.15",182525
"21-Oct-2021","EQ","1,356.70","1,357.85","1,289.70","1,343.30","1,317.00","1,314.70","1,322.44","1,534.50","389.60",8357573,"11,052,415,947.65",180536
"20-Oct-2021","EQ","1,372.00","1,376.00","1,326.65","1,366.90","1,344.00","1,343.30","1,352.99","1,534.50","389.60",6975774,"9,438,143,064.85",158821
"19-Oct-2021","EQ","1,421.00","1,426.55","1,357.55","1,411.05","1,369.00","1,366.90","1,395.29","1,534.50","389.60",8756924,"12,218,421,090.85",181679
"18-Oct-2021","EQ","1,418.00","1,424.75","1,391.10","1,375.05","1,408.00","1,411.05","1,412.00","1,534.50","389.60",10923230,"15,423,638,710.65",254274
"14-Oct-2021","EQ","1,374.00","1,390.60","1,354.00","1,354.30","1,372.50","1,375.05","1,375.35","1,534.50","362.50",8227371,"11,315,479,685.40",225847
"13-Oct-2021","EQ","1,325.50","1,376.55","1,318.05","1,329.10","1,356.50","1,354.30","1,357.30","1,534.50","362.50",13285718,"18,032,705,350.55",270178
"12-Oct-2021","EQ","1,313.20","1,335.00","1,305.00","1,313.20","1,327.70","1,329.10","1,322.05","1,534.50","362.50",6097019,"8,060,557,067.10",127459
"11-Oct-2021","EQ","1,305.00","1,327.35","1,298.00","1,301.15","1,314.00","1,313.20","1,313.46","1,534.50","362.50",6349658,"8,340,010,808.85",154072
"08-Oct-2021","EQ","1,302.00","1,344.05","1,296.35","1,289.20","1,302.80","1,301.15","1,318.02","1,534.50","362.50",10722015,"14,131,842,227.65",209592
"07-Oct-2021","EQ","1,295.00","1,306.80","1,283.55","1,279.90","1,288.55","1,289.20","1,294.68","1,534.50","362.50",4603367,"5,959,881,711.45",100335
"06-Oct-2021","EQ","1,319.90","1,328.60","1,273.15","1,316.85","1,274.00","1,279.90","1,298.51","1,534.50","362.50",8631693,"11,208,369,774.40",182555
"05-Oct-2021","EQ","1,314.00","1,332.70","1,310.15","1,324.15","1,317.75","1,316.85","1,320.41","1,534.50","362.50",5795216,"7,652,041,813.90",113241
"04-Oct-2021","EQ","1,297.85","1,327.75","1,280.40","1,297.85","1,322.00","1,324.15","1,307.13","1,534.50","362.50",9690237,"12,666,404,492.70",196296
"01-Oct-2021","EQ","1,275.00","1,311.00","1,265.00","1,288.90","1,294.05","1,297.85","1,294.19","1,534.50","355.65",9037470,"11,696,219,086.00",182801
"30-Sep-2021","EQ","1,303.00","1,316.40","1,283.85","1,295.55","1,285.50","1,288.90","1,296.97","1,534.50","355.65",7514568,"9,746,166,693.75",158511
"29-Sep-2021","EQ","1,270.00","1,309.80","1,267.20","1,280.95","1,293.80","1,295.55","1,290.68","1,534.50","355.65",9494577,"12,254,427,544.50",200121
"28-Sep-2021","EQ","1,273.45","1,296.80","1,263.00","1,270.50","1,279.00","1,280.95","1,281.17","1,534.50","355.65",8100736,"10,378,437,351.35",155092
"27-Sep-2021","EQ","1,272.00","1,288.70","1,261.05","1,272.10","1,270.35","1,270.50","1,274.03","1,534.50","355.65",8668877,"11,044,379,079.25",182487
"24-Sep-2021","EQ","1,320.00","1,324.00","1,258.45","1,318.70","1,267.00","1,272.10","1,284.94","1,534.50","342.75",13286616,"17,072,512,017.75",302339
"23-Sep-2021","EQ","1,330.00","1,339.45","1,306.05","1,305.80","1,315.50","1,318.70","1,320.33","1,534.50","342.75",9946251,"13,132,342,309.45",254153
"22-Sep-2021","EQ","1,299.40","1,318.00","1,283.10","1,292.20","1,303.00","1,305.80","1,301.92","1,534.50","342.75",11124247,"14,482,842,665.95",263880
"21-Sep-2021","EQ","1,258.00","1,296.90","1,232.90","1,253.10","1,296.50","1,292.20","1,263.43","1,534.50","342.75",25593540,"32,335,688,765.00",467449
"20-Sep-2021","EQ","1,350.00","1,351.90","1,247.35","1,385.90","1,247.35","1,253.10","1,293.00","1,534.50","342.75",28238412,"36,512,376,240.20",680557
"17-Sep-2021","EQ","1,437.00","1,440.30","1,360.00","1,436.75","1,382.80","1,385.90","1,387.18","1,534.50","342.75",19572030,"27,149,960,524.40",445794
"16-Sep-2021","EQ","1,460.00","1,471.90","1,431.25","1,455.10","1,436.90","1,436.75","1,445.76","1,534.50","342.75",5606797,"8,106,101,676.10",148967
"15-Sep-2021","EQ","1,452.30","1,463.70","1,444.40","1,452.30","1,453.05","1,455.10","1,454.40","1,534.50","342.75",4417464,"6,424,749,303.25",117061
"14-Sep-2021","EQ","1,476.00","1,476.00","1,449.00","1,463.45","1,451.40","1,452.30","1,461.40","1,534.50","342.75",5503767,"8,043,210,155.50",133997
"13-Sep-2021","EQ","1,447.00","1,472.00","1,436.50","1,447.00","1,470.00","1,463.45","1,451.62","1,534.50","342.75",5670208,"8,230,985,329.30",133505
"09-Sep-2021","EQ","1,420.00","1,451.95","1,420.00","1,429.85","1,446.90","1,447.00","1,441.08","1,534.50","342.75",5313030,"7,656,486,787.90",137267
"08-Sep-2021","EQ","1,426.00","1,442.65","1,418.60","1,428.70","1,428.00","1,429.85","1,430.46","1,534.50","342.75",4676224,"6,689,152,680.65",114775
"07-Sep-2021","EQ","1,444.00","1,459.00","1,420.65","1,437.00","1,421.50","1,428.70","1,439.40","1,534.50","342.75",6352717,"9,144,123,989.00",145446
"06-Sep-2021","EQ","1,447.00","1,451.95","1,423.15","1,443.65","1,435.45","1,437.00","1,436.17","1,534.50","342.75",6958676,"9,993,857,812.30",146049
"03-Sep-2021","EQ","1,428.00","1,452.95","1,416.45","1,425.10","1,440.15","1,443.65","1,436.58","1,534.50","342.75",8452382,"12,142,493,020.30",167684
"02-Sep-2021","EQ","1,411.00","1,432.00","1,410.00","1,411.20","1,424.90","1,425.10","1,421.37","1,534.50","342.75",6148046,"8,738,634,439.10",135353
"01-Sep-2021","EQ","1,451.25","1,455.50","1,407.00","1,450.25","1,410.95","1,411.20","1,422.05","1,534.50","342.75",8812897,"12,532,364,367.30",188156
"31-Aug-2021","EQ","1,445.00","1,459.00","1,432.00","1,440.60","1,447.10","1,450.25","1,449.25","1,534.50","342.75",24752108,"35,871,918,020.50",241285
"30-Aug-2021","EQ","1,399.00","1,445.00","1,398.00","1,384.15","1,436.70","1,440.60","1,430.46","1,534.50","342.75",13444387,"19,231,696,469.15",264920
"27-Aug-2021","EQ","1,379.00","1,394.45","1,375.85","1,375.05","1,382.40","1,384.15","1,385.73","1,534.50","342.75",7394081,"10,246,183,944.60",148295
"26-Aug-2021","EQ","1,390.40","1,394.75","1,365.00","1,390.20","1,376.80","1,375.05","1,377.36","1,534.50","342.75",9157898,"12,613,755,303.65",181905
"25-Aug-2021","EQ","1,418.00","1,426.00","1,380.75","1,404.65","1,390.60","1,390.20","1,405.45","1,534.50","342.75",12565010,"17,659,452,557.20",234330
"24-Aug-2021","EQ","1,382.00","1,420.00","1,377.00","1,358.65","1,407.15","1,404.65","1,399.79","1,534.50","342.75",17607579,"24,646,845,916.00",329898
"23-Aug-2021","EQ","1,402.00","1,409.80","1,310.75","1,375.60","1,362.30","1,358.65","1,366.21","1,534.50","342.75",22925729,"31,321,397,175.00",438033
"20-Aug-2021","EQ","1,445.05","1,447.00","1,362.80","1,500.45","1,367.70","1,375.60","1,412.52","1,534.50","342.75",27340069,"38,618,363,329.50",586431
"18-Aug-2021","EQ","1,509.45","1,518.90","1,488.20","1,503.70","1,497.20","1,500.45","1,502.14","1,534.50","342.75",12331745,"18,523,955,013.75",252131
"17-Aug-2021","EQ","1,519.40","1,534.00","1,491.75","1,519.40","1,501.45","1,503.70","1,514.32","1,534.50","342.75",18970923,"28,728,012,846.30",362892
"16-Aug-2021","EQ","1,484.00","1,534.50","1,472.20","1,461.65","1,515.30","1,519.40","1,503.26","1,534.50","342.75",27114488,"40,760,162,318.70",470948
"13-Aug-2021","EQ","1,405.00","1,476.60","1,390.65","1,435.35","1,467.25","1,461.65","1,435.19","1,481.80","342.75",28969872,"41,577,265,262.50",507280
"12-Aug-2021","EQ","1,436.00","1,444.70","1,416.55","1,426.20","1,433.65","1,435.35","1,431.30","1,481.80","342.75",10943108,"15,662,916,646.65",189925
"11-Aug-2021","EQ","1,390.00","1,429.70","1,384.20","1,373.60","1,428.50","1,426.20","1,408.16","1,481.80","342.75",14535357,"20,468,076,905.85",304687
"10-Aug-2021","EQ","1,412.00","1,418.00","1,367.20","1,412.20","1,372.15","1,373.60","1,394.64","1,481.80","342.75",8451623,"11,786,965,575.25",190548
"09-Aug-2021","EQ","1,434.00","1,443.25","1,405.40","1,428.85","1,408.50","1,412.20","1,422.93","1,481.80","342.75",7859493,"11,183,484,133.25",175185
"06-Aug-2021","EQ","1,449.00","1,457.00","1,426.00","1,446.60","1,428.00","1,428.85","1,439.73","1,481.80","342.75",9674025,"13,928,012,701.80",213124
"05-Aug-2021","EQ","1,415.30","1,450.00","1,387.50","1,416.20","1,449.00","1,446.60","1,418.11","1,481.80","342.75",16221799,"23,004,257,192.75",274552
"04-Aug-2021","EQ","1,420.00","1,448.00","1,405.10","1,407.20","1,415.30","1,416.20","1,425.42","1,481.80","342.75",11289435,"16,092,199,774.60",225892
"03-Aug-2021","EQ","1,414.00","1,420.85","1,390.35","1,410.05","1,407.25","1,407.20","1,405.32","1,481.80","342.75",8640560,"12,142,758,072.35",211723
"02-Aug-2021","EQ","1,446.00","1,447.00","1,405.50","1,434.30","1,413.00","1,410.05","1,418.61","1,481.80","342.75",9768920,"13,858,239,053.10",201290
"30-Jul-2021","EQ","1,455.65","1,472.70","1,427.80","1,458.60","1,435.25","1,434.30","1,451.63","1,481.80","342.75",14049265,"20,394,326,177.20",253239
"29-Jul-2021","EQ","1,375.00","1,481.80","1,368.00","1,365.00","1,458.00","1,458.60","1,434.83","1,481.80","342.75",30061041,"43,132,588,858.65",486413
"28-Jul-2021","EQ","1,332.00","1,369.95","1,306.20","1,330.65","1,368.05","1,365.00","1,337.80","1,369.95","342.75",12835125,"17,170,884,417.60",220148
"27-Jul-2021","EQ","1,315.00","1,334.50","1,308.05","1,297.95","1,333.50","1,330.65","1,322.41","1,334.50","342.75",10341382,"13,675,547,882.25",174851
"26-Jul-2021","EQ","1,289.00","1,308.25","1,278.05","1,281.40","1,297.00","1,297.95","1,294.88","1,308.25","342.75",8678433,"11,237,553,130.25",172836
"23-Jul-2021","EQ","1,279.35","1,295.50","1,274.00","1,273.00","1,279.05","1,281.40","1,284.66","1,295.50","342.55",8641865,"11,101,867,403.05",170796
"22-Jul-2021","EQ","1,249.00","1,277.95","1,248.00","1,233.35","1,277.95","1,273.00","1,265.92","1,290.90","342.55",7894024,"9,993,164,000.85",161316
"20-Jul-2021","EQ","1,272.00","1,272.30","1,225.00","1,266.40","1,231.95","1,233.35","1,241.77","1,290.90","342.55",8579940,"10,654,293,471.65",170242
"19-Jul-2021","EQ","1,259.00","1,290.90","1,253.70","1,278.45","1,264.05","1,266.40","1,274.28","1,290.90","342.55",8904629,"11,346,974,829.05",173387
"16-Jul-2021","EQ","1,264.70","1,281.30","1,259.05","1,255.95","1,274.75","1,278.45","1,270.98","1,281.30","331.55",8496925,"10,799,441,556.65",166436
"15-Jul-2021","EQ","1,246.10","1,265.80","1,237.70","1,244.70","1,257.60","1,255.95","1,253.63","1,265.80","331.55",9655551,"12,104,491,972.80",186722
"14-Jul-2021","EQ","1,231.95","1,247.70","1,219.00","1,228.75","1,243.40","1,244.70","1,235.34","1,258.50","331.55",8341388,"10,304,419,016.60",150710
"13-Jul-2021","EQ","1,238.00","1,243.45","1,223.10","1,226.95","1,229.50","1,228.75","1,233.12","1,258.50","331.55",7915528,"9,760,795,661.35",144718
"12-Jul-2021","EQ","1,251.00","1,258.50","1,218.35","1,239.35","1,225.00","1,226.95","1,241.20","1,258.50","331.55",16647775,"20,663,248,657.40",286823
"09-Jul-2021","EQ","1,192.00","1,244.10","1,188.00","1,189.75","1,239.75","1,239.35","1,220.40","1,246.85","328.05",17859356,"21,795,526,924.75",305588
"08-Jul-2021","EQ","1,225.00","1,230.00","1,181.20","1,218.65","1,190.00","1,189.75","1,205.09","1,246.85","328.05",12410585,"14,955,901,482.35",229065
"07-Jul-2021","EQ","1,167.95","1,225.00","1,158.50","1,167.25","1,225.00","1,218.65","1,195.87","1,246.85","328.05",16745626,"20,025,514,634.10",274187
"06-Jul-2021","EQ","1,158.65","1,178.00","1,150.25","1,156.85","1,165.90","1,167.25","1,165.16","1,246.85","328.05",9146835,"10,657,528,428.15",170937
"05-Jul-2021","EQ","1,146.00","1,161.80","1,136.00","1,136.00","1,158.50","1,156.85","1,148.17","1,246.85","328.05",7679900,"8,817,845,701.80",151161
"02-Jul-2021","EQ","1,166.00","1,166.80","1,130.20","1,163.55","1,137.90","1,136.00","1,144.91","1,246.85","312.10",7573407,"8,670,900,665.50",144117
"01-Jul-2021","EQ","1,171.90","1,176.80","1,156.45","1,166.60","1,162.90","1,163.55","1,166.47","1,246.85","312.10",5614928,"6,549,650,935.90",102568
"30-Jun-2021","EQ","1,181.05","1,191.00","1,162.80","1,172.55","1,164.95","1,166.60","1,179.73","1,246.85","312.10",8043267,"9,488,862,908.35",152274
"29-Jun-2021","EQ","1,184.50","1,192.00","1,165.55","1,184.00","1,174.25","1,172.55","1,176.74","1,246.85","312.10",7803759,"9,183,011,302.90",152319
"28-Jun-2021","EQ","1,174.00","1,189.00","1,163.00","1,165.25","1,185.00","1,184.00","1,178.64","1,246.85","312.10",11660335,"13,743,323,937.65",188990
"25-Jun-2021","EQ","1,135.00","1,170.00","1,130.00","1,113.15","1,165.50","1,165.25","1,157.46","1,246.85","312.10",18022770,"20,860,637,702.50",297315
"24-Jun-2021","EQ","1,105.00","1,120.50","1,098.45","1,100.10","1,119.00","1,113.15","1,111.66","1,246.85","312.10",7239470,"8,047,856,838.60",111903
"23-Jun-2021","EQ","1,120.50","1,127.55","1,097.85","1,112.30","1,101.70","1,100.10","1,113.57","1,246.85","312.10",7806336,"8,692,892,936.40",135920
"22-Jun-2021","EQ","1,114.20","1,131.00","1,106.50","1,106.15","1,109.75","1,112.30","1,118.56","1,246.85","312.10",9024634,"10,094,635,818.35",165896
"21-Jun-2021","EQ","1,070.00","1,109.00","1,063.65","1,092.30","1,106.00","1,106.15","1,093.29","1,246.85","312.10",13001432,"14,214,310,071.05",230827
"18-Jun-2021","EQ","1,105.00","1,109.90","1,050.25","1,103.75","1,095.15","1,092.30","1,081.54","1,246.85","301.30",40347077,"43,637,094,872.50",425612
"17-Jun-2021","EQ","1,118.95","1,133.80","1,095.65","1,142.15","1,105.50","1,103.75","1,112.10","1,246.85","301.30",16207687,"18,024,597,695.60",314441
"16-Jun-2021","EQ","1,169.00","1,184.75","1,131.65","1,174.30","1,140.00","1,142.15","1,150.86","1,246.85","301.30",17521107,"20,164,413,988.70",327146
"15-Jun-2021","EQ","1,170.00","1,186.80","1,160.10","1,164.80","1,173.00","1,174.30","1,176.27","1,246.85","301.30",9768102,"11,489,917,319.05",192729
"14-Jun-2021","EQ","1,168.00","1,178.65","1,140.00","1,158.35","1,164.50","1,164.80","1,166.05","1,246.85","301.30",16031264,"18,693,178,119.75",279545
"11-Jun-2021","EQ","1,127.80","1,164.60","1,113.10","1,114.45","1,163.10","1,158.35","1,138.98","1,246.85","300.00",17445856,"19,870,403,850.40",263906
"10-Jun-2021","EQ","1,109.30","1,125.80","1,102.90","1,101.00","1,116.00","1,114.45","1,115.83","1,246.85","300.00",7776764,"8,677,578,776.60",129554
"09-Jun-2021","EQ","1,117.00","1,128.00","1,093.95","1,111.10","1,100.00","1,101.00","1,109.80","1,246.85","300.00",11114338,"12,334,716,005.65",204628
"08-Jun-2021","EQ","1,132.70","1,132.70","1,100.05","1,128.70","1,110.00","1,111.10","1,110.00","1,246.85","300.00",10834373,"12,026,137,998.05",191239
"07-Jun-2021","EQ","1,130.00","1,150.00","1,125.55","1,120.70","1,128.45","1,128.70","1,136.33","1,246.85","300.00",12218592,"13,884,374,724.30",197050
"04-Jun-2021","EQ","1,116.00","1,128.80","1,107.00","1,122.00","1,120.00","1,120.70","1,116.20","1,246.85","300.00",9713347,"10,842,004,340.30",160001
"03-Jun-2021","EQ","1,129.55","1,139.75","1,113.00","1,124.05","1,117.55","1,122.00","1,125.33","1,246.85","300.00",12109477,"13,627,106,848.35",206951
"02-Jun-2021","EQ","1,105.00","1,129.80","1,104.00","1,100.90","1,129.55","1,124.05","1,116.07","1,246.85","300.00",12862591,"14,355,587,812.05",202165
"01-Jun-2021","EQ","1,120.00","1,123.00","1,085.50","1,125.65","1,100.70","1,100.90","1,099.68","1,246.85","300.00",17690925,"19,454,341,857.60",316676
"31-May-2021","EQ","1,112.00","1,129.65","1,099.00","1,103.50","1,127.05","1,125.65","1,116.06","1,246.85","300.00",15428647,"17,219,310,719.90",256408
"28-May-2021","EQ","1,131.00","1,143.60","1,097.45","1,096.65","1,104.00","1,103.50","1,123.52","1,246.85","277.00",19208581,"21,581,220,030.25",286542
"27-May-2021","EQ","1,082.15","1,109.75","1,075.00","1,082.15","1,101.90","1,096.65","1,093.38","1,246.85","277.00",22791032,"24,919,251,285.25",292218
"26-May-2021","EQ","1,090.50","1,094.00","1,072.50","1,105.20","1,080.05","1,082.15","1,082.72","1,246.85","277.00",15432703,"16,709,352,126.00",249398
"25-May-2021","EQ","1,101.95","1,125.95","1,100.00","1,092.00","1,105.35","1,105.20","1,111.75","1,246.85","277.00",18113752,"20,137,971,434.75",266155
"24-May-2021","EQ","1,108.00","1,108.95","1,082.10","1,113.10","1,091.50","1,092.00","1,093.18","1,246.85","277.00",18923842,"20,687,205,791.85",322358
"21-May-2021","EQ","1,114.00","1,123.90","1,105.85","1,105.05","1,112.00","1,113.10","1,115.07","1,246.85","262.45",14104926,"15,727,954,213.70",210863
"20-May-2021","EQ","1,131.10","1,135.50","1,098.05","1,164.25","1,104.90","1,105.05","1,113.32","1,246.85","262.45",28446253,"31,669,851,246.20",452379
"19-May-2021","EQ","1,173.00","1,189.55","1,158.00","1,180.00","1,161.00","1,164.25","1,171.83","1,246.85","262.45",17435026,"20,430,822,775.25",264120
"18-May-2021","EQ","1,175.00","1,196.45","1,157.05","1,150.85","1,179.45","1,180.00","1,180.26","1,246.85","262.45",24573880,"29,003,646,810.20",352679
"17-May-2021","EQ","1,138.00","1,158.20","1,103.50","1,132.10","1,153.45","1,150.85","1,128.94","1,246.85","262.45",28753430,"32,460,924,909.10",414106
"14-May-2021","EQ","1,185.00","1,185.00","1,115.20","1,179.15","1,130.05","1,132.10","1,143.25","1,246.85","262.45",37648032,"43,041,005,388.50",597919
"12-May-2021","EQ","1,231.95","1,246.85","1,163.25","1,233.90","1,175.00","1,179.15","1,212.56","1,246.85","262.45",30889192,"37,454,943,942.30",468627
"11-May-2021","EQ","1,190.00","1,246.00","1,176.90","1,216.35","1,230.00","1,233.90","1,217.71","1,246.00","262.45",41108381,"50,058,054,090.20",569871
"10-May-2021","EQ","1,210.00","1,229.00","1,200.00","1,182.35","1,218.50","1,216.35","1,214.33","1,229.00","262.45",28080884,"34,099,493,809.45",417490
"07-May-2021","EQ","1,135.00","1,192.00","1,130.10","1,100.90","1,183.60","1,182.35","1,163.52","1,192.00","262.45",54075433,"62,917,775,342.00",728233
"06-May-2021","EQ","1,055.00","1,129.00","1,042.50","1,070.15","1,103.00","1,100.90","1,103.47","1,129.00","262.45",46434537,"51,239,188,167.35",681778
"05-May-2021","EQ","1,084.00","1,088.35","1,047.00","1,063.85","1,071.05","1,070.15","1,067.25","1,088.35","262.45",19249839,"20,544,363,912.95",269242
"04-May-2021","EQ","1,074.45","1,086.65","1,057.55","1,064.75","1,066.85","1,063.85","1,072.68","1,086.65","262.45",24961628,"26,775,868,250.65",309589
"03-May-2021","EQ","1,031.95","1,069.00","1,018.50","1,034.00","1,067.10","1,064.75","1,047.74","1,069.00","262.45",26484100,"27,748,424,330.00",338503
"30-Apr-2021","EQ","1,024.00","1,052.60","1,011.10","1,031.35","1,025.60","1,034.00","1,031.95","1,052.60","262.45",28129738,"29,028,537,385.50",385840
"29-Apr-2021","EQ","983.00","1,036.95","983.00","971.40","1,035.00","1,031.35","1,015.76","1,036.95","262.45",44718647,"45,423,591,343.45",554647
"28-Apr-2021","EQ","985.00","986.00","962.00","977.75","971.00","971.40","972.08","986.00","262.45",20447968,"19,877,003,898.35",255599
"27-Apr-2021","EQ","948.30","983.00","944.30","940.75","982.00","977.75","965.43","983.00","262.45",24904515,"24,043,462,401.50",331493
"26-Apr-2021","EQ","935.00","956.00","930.05","925.60","942.50","940.75","942.98","956.00","262.45",21234858,"20,024,066,611.35",274958
"23-Apr-2021","EQ","929.80","945.00","910.75","921.40","924.55","925.60","930.73","953.65","259.20",24752386,"23,037,863,140.35",307302
"22-Apr-2021","EQ","899.95","938.65","897.05","894.00","922.50","921.40","926.15","953.65","259.20",31902815,"29,546,798,526.25",434593
"20-Apr-2021","EQ","900.00","905.75","882.00","888.05","892.35","894.00","894.65","953.65","259.20",16915293,"15,133,270,032.95",202685
"19-Apr-2021","EQ","869.80","899.00","860.00","890.25","886.05","888.05","885.77","953.65","259.20",19146996,"16,959,813,271.25",255168
"16-Apr-2021","EQ","903.80","914.40","886.25","898.20","887.25","890.25","901.15","953.65","259.20",17398598,"15,678,826,911.20",217303
"15-Apr-2021","EQ","892.00","911.50","879.50","879.00","894.00","898.20","895.21","953.65","259.20",21856357,"19,566,018,525.20",285071
"13-Apr-2021","EQ","862.00","881.60","849.00","851.55","878.95","879.00","868.07","953.65","259.20",20428502,"17,733,271,789.35",246512
"12-Apr-2021","EQ","876.55","893.20","843.35","899.50","855.85","851.55","868.35","953.65","259.20",22135504,"19,221,265,866.40",302778
"09-Apr-2021","EQ","921.00","930.00","885.70","918.40","898.55","899.50","902.81","953.65","259.20",32179069,"29,051,631,627.75",362106
"08-Apr-2021","EQ","884.00","953.65","882.70","874.85","922.00","918.40","919.87","953.65","259.20",53063056,"48,811,243,412.30",626502
"07-Apr-2021","EQ","869.50","885.00","864.65","862.85","876.35","874.85","875.90","885.00","259.20",17113208,"14,989,472,735.25",217318
"06-Apr-2021","EQ","875.50","882.50","858.15","867.75","861.55","862.85","869.06","882.50","259.20",20778920,"18,058,223,023.75",250646
"05-Apr-2021","EQ","862.00","877.85","837.15","863.05","867.30","867.75","859.01","877.85","259.20",30575986,"26,264,995,006.70",380909
"01-Apr-2021","EQ","821.00","868.90","819.00","811.85","858.90","863.05","842.25","868.90","250.85",36842098,"31,030,150,334.05",405809
"31-Mar-2021","EQ","794.00","823.50","790.10","800.00","818.40","811.85","811.88","823.50","250.85",28044585,"22,768,892,122.25",313254
"30-Mar-2021","EQ","780.00","810.00","777.90","766.85","799.50","800.00","797.66","810.00","250.85",28480338,"22,717,632,763.75",368821
"26-Mar-2021","EQ","730.40","774.90","725.20","723.15","765.25","766.85","757.30","782.50","250.85",42912247,"32,497,556,832.30",501678
"25-Mar-2021","EQ","710.10","730.70","688.35","702.80","722.95","723.15","712.97","782.50","250.85",36722400,"26,182,028,255.75",413129
"24-Mar-2021","EQ","731.00","733.00","698.95","741.15","706.00","702.80","713.38","782.50","250.85",21030283,"15,002,632,252.40",272334